ZIP_CODE,FRANCHISE_NAME,FRANCHISE_CODE,ASSIGNED_?,
11101,OAKDALE/NORTH BAY SHORE,5933,TRUE,
11102,OAKDALE/NORTH BAY SHORE,5933,TRUE,
11103,OAKDALE/NORTH BAY SHORE,5933,TRUE,
11104,OAKDALE/NORTH BAY SHORE,5933,TRUE,
11105,OAKDALE/NORTH BAY SHORE,5933,TRUE,
11106,OAKDALE/NORTH BAY SHORE,5933,TRUE,
11109,OAKDALE/NORTH BAY SHORE,5933,TRUE,
11120,OAKDALE/NORTH BAY SHORE,5933,TRUE,
11351,OAKDALE/NORTH BAY SHORE,5933,TRUE,
11352,OAKDALE/NORTH BAY SHORE,5933,TRUE,
11369,OAKDALE/NORTH BAY SHORE,5933,TRUE,
11370,OAKDALE/NORTH BAY SHORE,5933,TRUE,
11371,OAKDALE/NORTH BAY SHORE,5933,TRUE,
11372,OAKDALE/NORTH BAY SHORE,5933,TRUE,
11380,OAKDALE/NORTH BAY SHORE,5933,TRUE,
11381,OAKDALE/NORTH BAY SHORE,5933,TRUE,
11386,OAKDALE/NORTH BAY SHORE,5933,TRUE,
11390,OAKDALE/NORTH BAY SHORE,5933,TRUE,
11405,OAKDALE/NORTH BAY SHORE,5933,TRUE,
11411,OAKDALE/NORTH BAY SHORE,5933,TRUE,
11425,OAKDALE/NORTH BAY SHORE,5933,TRUE,
11428,OAKDALE/NORTH BAY SHORE,5933,TRUE,
11429,OAKDALE/NORTH BAY SHORE,5933,TRUE,
11431,OAKDALE/NORTH BAY SHORE,5933,TRUE,
11439,OAKDALE/NORTH BAY SHORE,5933,TRUE,
11451,OAKDALE/NORTH BAY SHORE,5933,TRUE,
11484,OAKDALE/NORTH BAY SHORE,5933,TRUE,
11499,OAKDALE/NORTH BAY SHORE,5933,TRUE,
11690,OAKDALE/NORTH BAY SHORE,5933,TRUE,
11691,OAKDALE/NORTH BAY SHORE,5933,TRUE,
11692,OAKDALE/NORTH BAY SHORE,5933,TRUE,
11693,OAKDALE/NORTH BAY SHORE,5933,TRUE,
11694,OAKDALE/NORTH BAY SHORE,5933,TRUE,
11695,OAKDALE/NORTH BAY SHORE,5933,TRUE,
11697,OAKDALE/NORTH BAY SHORE,5933,TRUE,
11701,OAKDALE/NORTH BAY SHORE,5933,TRUE,
11706,OAKDALE/NORTH BAY SHORE,5933,TRUE,
11707,OAKDALE/NORTH BAY SHORE,5933,TRUE,
11708,OAKDALE/NORTH BAY SHORE,5933,TRUE,
11717,OAKDALE/NORTH BAY SHORE,5933,TRUE,
11718,OAKDALE/NORTH BAY SHORE,5933,TRUE,
11726,OAKDALE/NORTH BAY SHORE,5933,TRUE,
11730,OAKDALE/NORTH BAY SHORE,5933,TRUE,
11739,OAKDALE/NORTH BAY SHORE,5933,TRUE,
11751,OAKDALE/NORTH BAY SHORE,5933,TRUE,
11752,OAKDALE/NORTH BAY SHORE,5933,TRUE,
11757,OAKDALE/NORTH BAY SHORE,5933,TRUE,
11760,OAKDALE/NORTH BAY SHORE,5933,TRUE,
11769,OAKDALE/NORTH BAY SHORE,5933,TRUE,
11775,OAKDALE/NORTH BAY SHORE,5933,TRUE,
11788,OAKDALE/NORTH BAY SHORE,5933,TRUE,
11795,OAKDALE/NORTH BAY SHORE,5933,TRUE,
11796,OAKDALE/NORTH BAY SHORE,5933,TRUE,
11798,OAKDALE/NORTH BAY SHORE,5933,TRUE,
11805,OAKDALE/NORTH BAY SHORE,5933,TRUE,
07007,EAST WINDSOR,8413,TRUE,
07105,EAST WINDSOR,8413,TRUE,
07192,EAST WINDSOR,8413,TRUE,
08520,EAST WINDSOR,8413,TRUE,
08570,EAST WINDSOR,8413,TRUE,
08618,EAST WINDSOR,8413,TRUE,
08666,EAST WINDSOR,8413,TRUE,
08922,EAST WINDSOR,8413,TRUE,
07018,EAST WINDSOR,8413,TRUE,
07106,EAST WINDSOR,8413,TRUE,
07193,EAST WINDSOR,8413,TRUE,
08525,EAST WINDSOR,8413,TRUE,
08601,EAST WINDSOR,8413,TRUE,
08619,EAST WINDSOR,8413,TRUE,
08677,EAST WINDSOR,8413,TRUE,
08933,EAST WINDSOR,8413,TRUE,
07019,EAST WINDSOR,8413,TRUE,
07108,EAST WINDSOR,8413,TRUE,
07194,EAST WINDSOR,8413,TRUE,
08528,EAST WINDSOR,8413,TRUE,
08602,EAST WINDSOR,8413,TRUE,
08620,EAST WINDSOR,8413,TRUE,
08690,EAST WINDSOR,8413,TRUE,
08988,EAST WINDSOR,8413,TRUE,
07029,EAST WINDSOR,8413,TRUE,
07111,EAST WINDSOR,8413,TRUE,
07195,EAST WINDSOR,8413,TRUE,
08534,EAST WINDSOR,8413,TRUE,
08603,EAST WINDSOR,8413,TRUE,
08625,EAST WINDSOR,8413,TRUE,
08691,EAST WINDSOR,8413,TRUE,
08989,EAST WINDSOR,8413,TRUE,
07051,EAST WINDSOR,8413,TRUE,
07112,EAST WINDSOR,8413,TRUE,
07197,EAST WINDSOR,8413,TRUE,
08540,EAST WINDSOR,8413,TRUE,
08604,EAST WINDSOR,8413,TRUE,
08628,EAST WINDSOR,8413,TRUE,
08695,EAST WINDSOR,8413,TRUE,
07094,EAST WINDSOR,8413,TRUE,
07114,EAST WINDSOR,8413,TRUE,
07198,EAST WINDSOR,8413,TRUE,
08541,EAST WINDSOR,8413,TRUE,
08605,EAST WINDSOR,8413,TRUE,
08629,EAST WINDSOR,8413,TRUE,
08818,EAST WINDSOR,8413,TRUE,
07096,EAST WINDSOR,8413,TRUE,
07175,EAST WINDSOR,8413,TRUE,
07199,EAST WINDSOR,8413,TRUE,
08542,EAST WINDSOR,8413,TRUE,
08606,EAST WINDSOR,8413,TRUE,
08638,EAST WINDSOR,8413,TRUE,
08871,EAST WINDSOR,8413,TRUE,
07097,EAST WINDSOR,8413,TRUE,
07182,EAST WINDSOR,8413,TRUE,
07303,EAST WINDSOR,8413,TRUE,
08543,EAST WINDSOR,8413,TRUE,
08607,EAST WINDSOR,8413,TRUE,
08645,EAST WINDSOR,8413,TRUE,
08877,EAST WINDSOR,8413,TRUE,
07099,EAST WINDSOR,8413,TRUE,
07184,EAST WINDSOR,8413,TRUE,
07308,EAST WINDSOR,8413,TRUE,
08544,EAST WINDSOR,8413,TRUE,
08608,EAST WINDSOR,8413,TRUE,
08646,EAST WINDSOR,8413,TRUE,
08878,EAST WINDSOR,8413,TRUE,
07101,EAST WINDSOR,8413,TRUE,
07188,EAST WINDSOR,8413,TRUE,
07309,EAST WINDSOR,8413,TRUE,
08550,EAST WINDSOR,8413,TRUE,
08609,EAST WINDSOR,8413,TRUE,
08647,EAST WINDSOR,8413,TRUE,
08899,EAST WINDSOR,8413,TRUE,
07102,EAST WINDSOR,8413,TRUE,
07189,EAST WINDSOR,8413,TRUE,
07311,EAST WINDSOR,8413,TRUE,
08560,EAST WINDSOR,8413,TRUE,
08610,EAST WINDSOR,8413,TRUE,
08648,EAST WINDSOR,8413,TRUE,
08905,EAST WINDSOR,8413,TRUE,
07103,EAST WINDSOR,8413,TRUE,
07191,EAST WINDSOR,8413,TRUE,
07399,EAST WINDSOR,8413,TRUE,
08561,EAST WINDSOR,8413,TRUE,
08611,EAST WINDSOR,8413,TRUE,
08650,EAST WINDSOR,8413,TRUE,
08906,EAST WINDSOR,8413,TRUE,
11202,SOUTHWEST BROOKLYN,9097,,
11233,SOUTHWEST BROOKLYN,9097,,
11252,SOUTHWEST BROOKLYN,9097,,
11204,SOUTHWEST BROOKLYN,9097,,
11235,SOUTHWEST BROOKLYN,9097,,
11254,SOUTHWEST BROOKLYN,9097,,
11209,SOUTHWEST BROOKLYN,9097,,
11237,SOUTHWEST BROOKLYN,9097,,
11255,SOUTHWEST BROOKLYN,9097,,
11212,SOUTHWEST BROOKLYN,9097,,
11240,SOUTHWEST BROOKLYN,9097,,
11256,SOUTHWEST BROOKLYN,9097,,
11213,SOUTHWEST BROOKLYN,9097,,
11241,SOUTHWEST BROOKLYN,9097,,
11214,SOUTHWEST BROOKLYN,9097,,
11242,SOUTHWEST BROOKLYN,9097,,
11217,SOUTHWEST BROOKLYN,9097,,
11243,SOUTHWEST BROOKLYN,9097,,
11219,SOUTHWEST BROOKLYN,9097,,
11244,SOUTHWEST BROOKLYN,9097,,
11223,SOUTHWEST BROOKLYN,9097,,
11245,SOUTHWEST BROOKLYN,9097,,
11224,SOUTHWEST BROOKLYN,9097,,
11247,SOUTHWEST BROOKLYN,9097,,
11228,SOUTHWEST BROOKLYN,9097,,
11248,SOUTHWEST BROOKLYN,9097,,
11230,SOUTHWEST BROOKLYN,9097,,
11251,SOUTHWEST BROOKLYN,9097,,
07001,OLD BRIDGE/CRANBURY,9304,,
07033,OLD BRIDGE/CRANBURY,9304,,
07062,OLD BRIDGE/CRANBURY,9304,,
07081,OLD BRIDGE/CRANBURY,9304,,
07202,OLD BRIDGE/CRANBURY,9304,,
07922,OLD BRIDGE/CRANBURY,9304,,
08830,OLD BRIDGE/CRANBURY,9304,,
08861,OLD BRIDGE/CRANBURY,9304,,
08904,OLD BRIDGE/CRANBURY,9304,,
07003,OLD BRIDGE/CRANBURY,9304,,
07036,OLD BRIDGE/CRANBURY,9304,,
07063,OLD BRIDGE/CRANBURY,9304,,
07083,OLD BRIDGE/CRANBURY,9304,,
07203,OLD BRIDGE/CRANBURY,9304,,
07974,OLD BRIDGE/CRANBURY,9304,,
08831,OLD BRIDGE/CRANBURY,9304,TRUE,
08862,OLD BRIDGE/CRANBURY,9304,,
08905,OLD BRIDGE/CRANBURY,9304,,
07004,OLD BRIDGE/CRANBURY,9304,,
07039,OLD BRIDGE/CRANBURY,9304,,
07064,OLD BRIDGE/CRANBURY,9304,,
07088,OLD BRIDGE/CRANBURY,9304,,
07204,OLD BRIDGE/CRANBURY,9304,,
08512,OLD BRIDGE/CRANBURY,9304,TRUE,
08832,OLD BRIDGE/CRANBURY,9304,,
08863,OLD BRIDGE/CRANBURY,9304,,
08906,OLD BRIDGE/CRANBURY,9304,,
07006,OLD BRIDGE/CRANBURY,9304,,
07040,OLD BRIDGE/CRANBURY,9304,,
07065,OLD BRIDGE/CRANBURY,9304,,
07090,OLD BRIDGE/CRANBURY,9304,,
07205,OLD BRIDGE/CRANBURY,9304,,
08536,OLD BRIDGE/CRANBURY,9304,,
08837,OLD BRIDGE/CRANBURY,9304,,
08871,OLD BRIDGE/CRANBURY,9304,,
08933,OLD BRIDGE/CRANBURY,9304,,
07008,OLD BRIDGE/CRANBURY,9304,,
07041,OLD BRIDGE/CRANBURY,9304,,
07066,OLD BRIDGE/CRANBURY,9304,,
07091,OLD BRIDGE/CRANBURY,9304,,
07206,OLD BRIDGE/CRANBURY,9304,,
08810,OLD BRIDGE/CRANBURY,9304,,
08840,OLD BRIDGE/CRANBURY,9304,,
08872,OLD BRIDGE/CRANBURY,9304,TRUE,,
08989,OLD BRIDGE/CRANBURY,9304,,
07009,OLD BRIDGE/CRANBURY,9304,,
07042,OLD BRIDGE/CRANBURY,9304,,
07067,OLD BRIDGE/CRANBURY,9304,,
07092,OLD BRIDGE/CRANBURY,9304,,
07207,OLD BRIDGE/CRANBURY,9304,,
08812,OLD BRIDGE/CRANBURY,9304,,
08846,OLD BRIDGE/CRANBURY,9304,,
08879,OLD BRIDGE/CRANBURY,9304,TRUE,
07016,OLD BRIDGE/CRANBURY,9304,,
07043,OLD BRIDGE/CRANBURY,9304,,
07068,OLD BRIDGE/CRANBURY,9304,,
07095,OLD BRIDGE/CRANBURY,9304,,
07208,OLD BRIDGE/CRANBURY,9304,,
08816,OLD BRIDGE/CRANBURY,9304,,
08850,OLD BRIDGE/CRANBURY,9304,,
08882,OLD BRIDGE/CRANBURY,9304,,
07017,OLD BRIDGE/CRANBURY,9304,,
07044,OLD BRIDGE/CRANBURY,9304,,
07076,OLD BRIDGE/CRANBURY,9304,,
07104,OLD BRIDGE/CRANBURY,9304,,
07721,OLD BRIDGE/CRANBURY,9304,,
08817,OLD BRIDGE/CRANBURY,9304,,
08852,OLD BRIDGE/CRANBURY,9304,,,
08884,OLD BRIDGE/CRANBURY,9304,TRUE,,
07021,OLD BRIDGE/CRANBURY,9304,,
07050,OLD BRIDGE/CRANBURY,9304,,
07077,OLD BRIDGE/CRANBURY,9304,,
07107,OLD BRIDGE/CRANBURY,9304,,
07735,OLD BRIDGE/CRANBURY,9304,,
08818,OLD BRIDGE/CRANBURY,9304,,
08854,OLD BRIDGE/CRANBURY,9304,,
08899,OLD BRIDGE/CRANBURY,9304,,
07023,OLD BRIDGE/CRANBURY,9304,,
07052,OLD BRIDGE/CRANBURY,9304,,
07078,OLD BRIDGE/CRANBURY,9304,,
07109,OLD BRIDGE/CRANBURY,9304,,
07747,OLD BRIDGE/CRANBURY,9304,,
08820,OLD BRIDGE/CRANBURY,9304,,
08855,OLD BRIDGE/CRANBURY,9304,,
08901,OLD BRIDGE/CRANBURY,9304,,
07027,OLD BRIDGE/CRANBURY,9304,,
07060,OLD BRIDGE/CRANBURY,9304,,
07079,OLD BRIDGE/CRANBURY,9304,,
07110,OLD BRIDGE/CRANBURY,9304,,
07901,OLD BRIDGE/CRANBURY,9304,,
08824,OLD BRIDGE/CRANBURY,9304,,
08857,OLD BRIDGE/CRANBURY,9304,TRUE,
08902,OLD BRIDGE/CRANBURY,9304,,
07028,OLD BRIDGE/CRANBURY,9304,,
07061,OLD BRIDGE/CRANBURY,9304,,
07080,OLD BRIDGE/CRANBURY,9304,,
07201,OLD BRIDGE/CRANBURY,9304,,
07902,OLD BRIDGE/CRANBURY,9304,,
08828,OLD BRIDGE/CRANBURY,9304,TRUE,
08859,OLD BRIDGE/CRANBURY,9304,TRUE,
08903,OLD BRIDGE/CRANBURY,9304,,
07011,OLD BRIDGE/CRANBURY,9304,FALSE,
07012,OLD BRIDGE/CRANBURY,9304,FALSE,
07013,OLD BRIDGE/CRANBURY,9304,FALSE,
07014,OLD BRIDGE/CRANBURY,9304,FALSE,
07015,OLD BRIDGE/CRANBURY,9304,FALSE,
07055,OLD BRIDGE/CRANBURY,9304,FALSE,
07403,OLD BRIDGE/CRANBURY,9304,FALSE,
07420,OLD BRIDGE/CRANBURY,9304,FALSE,
07421,OLD BRIDGE/CRANBURY,9304,FALSE,
07424,OLD BRIDGE/CRANBURY,9304,FALSE,
07435,OLD BRIDGE/CRANBURY,9304,FALSE,
07438,OLD BRIDGE/CRANBURY,9304,FALSE,
07442,OLD BRIDGE/CRANBURY,9304,FALSE,
07456,OLD BRIDGE/CRANBURY,9304,FALSE,
07470,OLD BRIDGE/CRANBURY,9304,FALSE,
07474,OLD BRIDGE/CRANBURY,9304,FALSE,
07480,OLD BRIDGE/CRANBURY,9304,FALSE,
07501,OLD BRIDGE/CRANBURY,9304,FALSE,
07502,OLD BRIDGE/CRANBURY,9304,FALSE,
07503,OLD BRIDGE/CRANBURY,9304,FALSE,
07504,OLD BRIDGE/CRANBURY,9304,FALSE,
07505,OLD BRIDGE/CRANBURY,9304,FALSE,
07506,OLD BRIDGE/CRANBURY,9304,FALSE,
07507,OLD BRIDGE/CRANBURY,9304,FALSE,
07508,OLD BRIDGE/CRANBURY,9304,FALSE,
07509,OLD BRIDGE/CRANBURY,9304,FALSE,
07510,OLD BRIDGE/CRANBURY,9304,FALSE,
07511,OLD BRIDGE/CRANBURY,9304,FALSE,
07512,OLD BRIDGE/CRANBURY,9304,FALSE,
07513,OLD BRIDGE/CRANBURY,9304,FALSE,
07514,OLD BRIDGE/CRANBURY,9304,FALSE,
07522,OLD BRIDGE/CRANBURY,9304,FALSE,
07524,OLD BRIDGE/CRANBURY,9304,FALSE,
07533,OLD BRIDGE/CRANBURY,9304,FALSE,
07538,OLD BRIDGE/CRANBURY,9304,FALSE,
07543,OLD BRIDGE/CRANBURY,9304,FALSE,
07544,OLD BRIDGE/CRANBURY,9304,FALSE,
07601,OLD BRIDGE/CRANBURY,9304,FALSE,
07602,OLD BRIDGE/CRANBURY,9304,FALSE,
07603,OLD BRIDGE/CRANBURY,9304,FALSE,
07604,OLD BRIDGE/CRANBURY,9304,FALSE,
07605,OLD BRIDGE/CRANBURY,9304,FALSE,
07606,OLD BRIDGE/CRANBURY,9304,FALSE,
07607,OLD BRIDGE/CRANBURY,9304,FALSE,
07608,OLD BRIDGE/CRANBURY,9304,FALSE,
07620,OLD BRIDGE/CRANBURY,9304,FALSE,
07621,OLD BRIDGE/CRANBURY,9304,FALSE,
07624,OLD BRIDGE/CRANBURY,9304,FALSE,
07626,OLD BRIDGE/CRANBURY,9304,FALSE,
07627,OLD BRIDGE/CRANBURY,9304,FALSE,
07628,OLD BRIDGE/CRANBURY,9304,FALSE,
07630,OLD BRIDGE/CRANBURY,9304,FALSE,
07631,OLD BRIDGE/CRANBURY,9304,FALSE,
07632,OLD BRIDGE/CRANBURY,9304,FALSE,
07640,OLD BRIDGE/CRANBURY,9304,FALSE,
07641,OLD BRIDGE/CRANBURY,9304,FALSE,
07642,OLD BRIDGE/CRANBURY,9304,FALSE,
07643,OLD BRIDGE/CRANBURY,9304,FALSE,
07644,OLD BRIDGE/CRANBURY,9304,FALSE,
07645,OLD BRIDGE/CRANBURY,9304,FALSE,
07646,OLD BRIDGE/CRANBURY,9304,FALSE,
07647,OLD BRIDGE/CRANBURY,9304,FALSE,
07648,OLD BRIDGE/CRANBURY,9304,FALSE,
07649,OLD BRIDGE/CRANBURY,9304,FALSE,
07650,OLD BRIDGE/CRANBURY,9304,FALSE,
07652,OLD BRIDGE/CRANBURY,9304,FALSE,
07653,OLD BRIDGE/CRANBURY,9304,FALSE,
07656,OLD BRIDGE/CRANBURY,9304,FALSE,
07657,OLD BRIDGE/CRANBURY,9304,FALSE,
07660,OLD BRIDGE/CRANBURY,9304,FALSE,
07661,OLD BRIDGE/CRANBURY,9304,FALSE,
07662,OLD BRIDGE/CRANBURY,9304,FALSE,
07663,OLD BRIDGE/CRANBURY,9304,FALSE,
07666,OLD BRIDGE/CRANBURY,9304,FALSE,
07670,OLD BRIDGE/CRANBURY,9304,FALSE,
07675,OLD BRIDGE/CRANBURY,9304,FALSE,
07676,OLD BRIDGE/CRANBURY,9304,FALSE,
07677,OLD BRIDGE/CRANBURY,9304,FALSE,
10001,CENTRAL MANHATTAN,9417,,
10002,CENTRAL MANHATTAN,9417,,
10003,CENTRAL MANHATTAN,9417,,
10004,CENTRAL MANHATTAN,9417,,
10005,CENTRAL MANHATTAN,9417,,
10006,CENTRAL MANHATTAN,9417,,
10007,CENTRAL MANHATTAN,9417,,
10008,CENTRAL MANHATTAN,9417,,
10009,CENTRAL MANHATTAN,9417,,
10010,CENTRAL MANHATTAN,9417,,
10011,CENTRAL MANHATTAN,9417,,
10012,CENTRAL MANHATTAN,9417,,
10013,CENTRAL MANHATTAN,9417,,
10014,CENTRAL MANHATTAN,9417,,
10016,CENTRAL MANHATTAN,9417,,
10017,CENTRAL MANHATTAN,9417,TRUE,
10018,CENTRAL MANHATTAN,9417,,
10019,CENTRAL MANHATTAN,9417,TRUE,
10020,CENTRAL MANHATTAN,9417,TRUE,
10021,CENTRAL MANHATTAN,9417,TRUE,
10021,CENTRAL MANHATTAN,9417,TRUE,
10023,CENTRAL MANHATTAN,9417,TRUE,
10024,CENTRAL MANHATTAN,9417,TRUE,
10025,CENTRAL MANHATTAN,9417,TRUE,
10026,CENTRAL MANHATTAN,9417,,
10027,CENTRAL MANHATTAN,9417,TRUE,
10028,CENTRAL MANHATTAN,9417,TRUE,
10029,CENTRAL MANHATTAN,9417,,
10030,CENTRAL MANHATTAN,9417,,
10031,CENTRAL MANHATTAN,9417,TRUE,
10032,CENTRAL MANHATTAN,9417,TRUE,
10033,CENTRAL MANHATTAN,9417,TRUE,
10034,CENTRAL MANHATTAN,9417,TRUE,
10035,CENTRAL MANHATTAN,9417,,
10036,CENTRAL MANHATTAN,9417,,
10037,CENTRAL MANHATTAN,9417,,
10038,CENTRAL MANHATTAN,9417,,
10039,CENTRAL MANHATTAN,9417,,
10040,CENTRAL MANHATTAN,9417,TRUE,
10041,CENTRAL MANHATTAN,9417,,
10042,CENTRAL MANHATTAN,9417,,
10043,CENTRAL MANHATTAN,9417,,
10044,CENTRAL MANHATTAN,9417,TRUE,
10045,CENTRAL MANHATTAN,9417,,
10046,CENTRAL MANHATTAN,9417,,
10055,CENTRAL MANHATTAN,9417,,
10060,CENTRAL MANHATTAN,9417,,
10065,CENTRAL MANHATTAN,9417,,
10069,CENTRAL MANHATTAN,9417,,
10072,CENTRAL MANHATTAN,9417,,
10075,CENTRAL MANHATTAN,9417,,
10079,CENTRAL MANHATTAN,9417,,
10080,CENTRAL MANHATTAN,9417,,
10082,CENTRAL MANHATTAN,9417,,
10087,CENTRAL MANHATTAN,9417,,
10090,CENTRAL MANHATTAN,9417,,
10094,CENTRAL MANHATTAN,9417,,
10095,CENTRAL MANHATTAN,9417,,
10096,CENTRAL MANHATTAN,9417,,
10098,CENTRAL MANHATTAN,9417,,
10099,CENTRAL MANHATTAN,9417,,
10101,CENTRAL MANHATTAN,9417,,
10102,CENTRAL MANHATTAN,9417,,
10103,CENTRAL MANHATTAN,9417,,
10104,CENTRAL MANHATTAN,9417,,
10105,CENTRAL MANHATTAN,9417,,
10106,CENTRAL MANHATTAN,9417,,
10107,CENTRAL MANHATTAN,9417,,
10108,CENTRAL MANHATTAN,9417,,
10109,CENTRAL MANHATTAN,9417,,
10110,CENTRAL MANHATTAN,9417,,
10111,CENTRAL MANHATTAN,9417,,
10112,CENTRAL MANHATTAN,9417,,
10113,CENTRAL MANHATTAN,9417,,
10114,CENTRAL MANHATTAN,9417,,
10115,CENTRAL MANHATTAN,9417,,
10116,CENTRAL MANHATTAN,9417,,
10117,CENTRAL MANHATTAN,9417,,
10118,CENTRAL MANHATTAN,9417,,
10121,CENTRAL MANHATTAN,9417,,
10122,CENTRAL MANHATTAN,9417,,
10123,CENTRAL MANHATTAN,9417,,
10124,CENTRAL MANHATTAN,9417,,
10125,CENTRAL MANHATTAN,9417,,
10126,CENTRAL MANHATTAN,9417,,
10128,CENTRAL MANHATTAN,9417,,
10129,CENTRAL MANHATTAN,9417,,
10130,CENTRAL MANHATTAN,9417,,
10131,CENTRAL MANHATTAN,9417,,
10132,CENTRAL MANHATTAN,9417,,
10133,CENTRAL MANHATTAN,9417,TRUE,
10138,CENTRAL MANHATTAN,9417,,
10149,CENTRAL MANHATTAN,9417,,
10150,CENTRAL MANHATTAN,9417,,
10151,CENTRAL MANHATTAN,9417,,
10152,CENTRAL MANHATTAN,9417,,
10153,CENTRAL MANHATTAN,9417,,
10154,CENTRAL MANHATTAN,9417,,
10155,CENTRAL MANHATTAN,9417,,
10157,CENTRAL MANHATTAN,9417,,
10158,CENTRAL MANHATTAN,9417,,
10159,CENTRAL MANHATTAN,9417,,
10160,CENTRAL MANHATTAN,9417,,
10161,CENTRAL MANHATTAN,9417,,
10162,CENTRAL MANHATTAN,9417,,
10163,CENTRAL MANHATTAN,9417,,
10164,CENTRAL MANHATTAN,9417,,
10165,CENTRAL MANHATTAN,9417,,
10166,CENTRAL MANHATTAN,9417,,
10167,CENTRAL MANHATTAN,9417,,
10168,CENTRAL MANHATTAN,9417,,
10169,CENTRAL MANHATTAN,9417,,
10170,CENTRAL MANHATTAN,9417,TRUE,
10171,CENTRAL MANHATTAN,9417,,
10172,CENTRAL MANHATTAN,9417,,
10173,CENTRAL MANHATTAN,9417,,
10174,CENTRAL MANHATTAN,9417,,
10175,CENTRAL MANHATTAN,9417,,
10176,CENTRAL MANHATTAN,9417,,
10177,CENTRAL MANHATTAN,9417,,
10178,CENTRAL MANHATTAN,9417,,
10179,CENTRAL MANHATTAN,9417,,
10184,CENTRAL MANHATTAN,9417,,
10185,CENTRAL MANHATTAN,9417,,
10196,CENTRAL MANHATTAN,9417,,
10197,CENTRAL MANHATTAN,9417,,
10199,CENTRAL MANHATTAN,9417,,
10203,CENTRAL MANHATTAN,9417,,
10211,CENTRAL MANHATTAN,9417,,
10212,CENTRAL MANHATTAN,9417,,
10213,CENTRAL MANHATTAN,9417,,
10242,CENTRAL MANHATTAN,9417,,
10249,CENTRAL MANHATTAN,9417,,
10256,CENTRAL MANHATTAN,9417,,
10257,CENTRAL MANHATTAN,9417,,
10258,CENTRAL MANHATTAN,9417,,
10259,CENTRAL MANHATTAN,9417,,
10260,CENTRAL MANHATTAN,9417,,
10261,CENTRAL MANHATTAN,9417,,
10265,CENTRAL MANHATTAN,9417,,
10268,CENTRAL MANHATTAN,9417,,
10270,CENTRAL MANHATTAN,9417,,
10271,CENTRAL MANHATTAN,9417,,
10272,CENTRAL MANHATTAN,9417,,
10273,CENTRAL MANHATTAN,9417,,
10274,CENTRAL MANHATTAN,9417,,
10275,CENTRAL MANHATTAN,9417,,
10276,CENTRAL MANHATTAN,9417,,
10277,CENTRAL MANHATTAN,9417,,
10278,CENTRAL MANHATTAN,9417,,
10279,CENTRAL MANHATTAN,9417,,
10280,CENTRAL MANHATTAN,9417,,
10281,CENTRAL MANHATTAN,9417,,
10282,CENTRAL MANHATTAN,9417,,
10285,CENTRAL MANHATTAN,9417,,
10286,CENTRAL MANHATTAN,9417,,
10292,CENTRAL MANHATTAN,9417,,
10301,CENTRAL MANHATTAN,9417,,
10302,CENTRAL MANHATTAN,9417,,
10303,CENTRAL MANHATTAN,9417,,
10304,CENTRAL MANHATTAN,9417,,
10305,CENTRAL MANHATTAN,9417,,
10306,CENTRAL MANHATTAN,9417,,
10307,CENTRAL MANHATTAN,9417,,
10308,CENTRAL MANHATTAN,9417,,
10309,CENTRAL MANHATTAN,9417,,
10310,CENTRAL MANHATTAN,9417,,
10311,CENTRAL MANHATTAN,9417,,
10312,CENTRAL MANHATTAN,9417,,
10313,CENTRAL MANHATTAN,9417,,
10314,CENTRAL MANHATTAN,9417,,
10451,CENTRAL MANHATTAN,9417,TRUE,
10452,CENTRAL MANHATTAN,9417,TRUE,
10453,CENTRAL MANHATTAN,9417,TRUE,
10454,CENTRAL MANHATTAN,9417,TRUE,
10455,CENTRAL MANHATTAN,9417,TRUE,
10456,CENTRAL MANHATTAN,9417,TRUE,
10457,CENTRAL MANHATTAN,9417,TRUE,
10458,CENTRAL MANHATTAN,9417,TRUE,
10459,CENTRAL MANHATTAN,9417,TRUE,
10460,CENTRAL MANHATTAN,9417,TRUE,
10461,CENTRAL MANHATTAN,9417,TRUE,
10462,CENTRAL MANHATTAN,9417,TRUE,
10463,CENTRAL MANHATTAN,9417,TRUE,
10464,CENTRAL MANHATTAN,9417,TRUE,
10466,CENTRAL MANHATTAN,9417,TRUE,
10467,CENTRAL MANHATTAN,9417,TRUE,
10468,CENTRAL MANHATTAN,9417,TRUE,
10469,CENTRAL MANHATTAN,9417,TRUE,
10470,CENTRAL MANHATTAN,9417,TRUE,
10471,CENTRAL MANHATTAN,9417,TRUE,
10472,CENTRAL MANHATTAN,9417,TRUE,
10473,CENTRAL MANHATTAN,9417,TRUE,
10474,CENTRAL MANHATTAN,9417,TRUE,
10475,CENTRAL MANHATTAN,9417,TRUE,
10499,CENTRAL MANHATTAN,9417,TRUE,
10501,CENTRAL MANHATTAN,9417,,
10502,CENTRAL MANHATTAN,9417,,
10503,CENTRAL MANHATTAN,9417,,
10504,CENTRAL MANHATTAN,9417,,
10505,CENTRAL MANHATTAN,9417,,
10506,CENTRAL MANHATTAN,9417,,
10507,CENTRAL MANHATTAN,9417,,
10510,CENTRAL MANHATTAN,9417,,
10511,CENTRAL MANHATTAN,9417,,
10514,CENTRAL MANHATTAN,9417,,
10517,CENTRAL MANHATTAN,9417,,
10518,CENTRAL MANHATTAN,9417,,
10519,CENTRAL MANHATTAN,9417,,
10520,CENTRAL MANHATTAN,9417,,
10521,CENTRAL MANHATTAN,9417,,
10522,CENTRAL MANHATTAN,9417,,
10523,CENTRAL MANHATTAN,9417,,
10526,CENTRAL MANHATTAN,9417,,
10527,CENTRAL MANHATTAN,9417,,
10528,CENTRAL MANHATTAN,9417,,
10530,CENTRAL MANHATTAN,9417,,
10532,CENTRAL MANHATTAN,9417,,
10533,CENTRAL MANHATTAN,9417,,
10535,CENTRAL MANHATTAN,9417,,
10536,CENTRAL MANHATTAN,9417,,
10538,CENTRAL MANHATTAN,9417,,
10540,CENTRAL MANHATTAN,9417,,
10543,CENTRAL MANHATTAN,9417,,
10545,CENTRAL MANHATTAN,9417,,
10546,CENTRAL MANHATTAN,9417,,
10547,CENTRAL MANHATTAN,9417,,
10548,CENTRAL MANHATTAN,9417,,
10549,CENTRAL MANHATTAN,9417,,
10550,CENTRAL MANHATTAN,9417,,
10551,CENTRAL MANHATTAN,9417,,
10552,CENTRAL MANHATTAN,9417,,
10553,CENTRAL MANHATTAN,9417,,
10560,CENTRAL MANHATTAN,9417,,
10562,CENTRAL MANHATTAN,9417,,
10566,CENTRAL MANHATTAN,9417,,
10567,CENTRAL MANHATTAN,9417,,
10570,CENTRAL MANHATTAN,9417,,
10573,CENTRAL MANHATTAN,9417,,
10576,CENTRAL MANHATTAN,9417,,
10577,CENTRAL MANHATTAN,9417,,
10578,CENTRAL MANHATTAN,9417,,
10580,CENTRAL MANHATTAN,9417,,
10583,CENTRAL MANHATTAN,9417,,
10587,CENTRAL MANHATTAN,9417,,
10588,CENTRAL MANHATTAN,9417,,
10589,CENTRAL MANHATTAN,9417,,
10590,CENTRAL MANHATTAN,9417,,
10591,CENTRAL MANHATTAN,9417,,
10594,CENTRAL MANHATTAN,9417,,
10595,CENTRAL MANHATTAN,9417,,
10596,CENTRAL MANHATTAN,9417,,
10597,CENTRAL MANHATTAN,9417,,
10598,CENTRAL MANHATTAN,9417,,
10601,CENTRAL MANHATTAN,9417,,
10602,CENTRAL MANHATTAN,9417,,
10603,CENTRAL MANHATTAN,9417,,
10604,CENTRAL MANHATTAN,9417,,
10605,CENTRAL MANHATTAN,9417,,
10606,CENTRAL MANHATTAN,9417,,
10607,CENTRAL MANHATTAN,9417,,
10610,CENTRAL MANHATTAN,9417,,
10701,CENTRAL MANHATTAN,9417,,
10702,CENTRAL MANHATTAN,9417,TRUE,
10703,CENTRAL MANHATTAN,9417,,
10704,CENTRAL MANHATTAN,9417,,
10705,CENTRAL MANHATTAN,9417,,
10706,CENTRAL MANHATTAN,9417,,
10707,CENTRAL MANHATTAN,9417,,
10708,CENTRAL MANHATTAN,9417,,
10709,CENTRAL MANHATTAN,9417,,
10710,CENTRAL MANHATTAN,9417,,
10801,CENTRAL MANHATTAN,9417,,
10802,CENTRAL MANHATTAN,9417,,
10803,CENTRAL MANHATTAN,9417,,
10804,CENTRAL MANHATTAN,9417,,
10805,CENTRAL MANHATTAN,9417,,
11081,CENTRAL MANHATTAN,9417,,
11705,MEDFORD,9584,TRUE,
11713,MEDFORD,9584,,
11715,MEDFORD,9584,,
11716,MEDFORD,9584,,
11719,MEDFORD,9584,,
11720,MEDFORD,9584,,
11721,MEDFORD,9584,,
11727,MEDFORD,9584,,
11733,MEDFORD,9584,,
11738,MEDFORD,9584,,
11741,MEDFORD,9584,TRUE,
11742,MEDFORD,9584,TRUE,
11763,MEDFORD,9584,TRUE,
11764,MEDFORD,9584,,
11766,MEDFORD,9584,,
11767,MEDFORD,9584,,
11772,MEDFORD,9584,,
11776,MEDFORD,9584,,
11777,MEDFORD,9584,,
11778,MEDFORD,9584,,
11779,MEDFORD,9584,,
11780,MEDFORD,9584,,
11782,MEDFORD,9584,TRUE,
11784,MEDFORD,9584,,
11786,MEDFORD,9584,,
11789,MEDFORD,9584,,
11790,MEDFORD,9584,,
11792,MEDFORD,9584,,
11901,MEDFORD,9584,,
11930,MEDFORD,9584,,
11931,MEDFORD,9584,,
11932,MEDFORD,9584,,
11933,MEDFORD,9584,,
11934,MEDFORD,9584,,
11935,MEDFORD,9584,,
11937,MEDFORD,9584,,
11939,MEDFORD,9584,,
11940,MEDFORD,9584,,
11941,MEDFORD,9584,,
11942,MEDFORD,9584,,
11944,MEDFORD,9584,,
11946,MEDFORD,9584,,
11947,MEDFORD,9584,,
11949,MEDFORD,9584,,
11950,MEDFORD,9584,,
11951,MEDFORD,9584,,
11952,MEDFORD,9584,,
11953,MEDFORD,9584,,
11954,MEDFORD,9584,,
11955,MEDFORD,9584,,
11956,MEDFORD,9584,,
11957,MEDFORD,9584,,
11958,MEDFORD,9584,,
11959,MEDFORD,9584,,
11960,MEDFORD,9584,,
11961,MEDFORD,9584,,
11962,MEDFORD,9584,,
11963,MEDFORD,9584,,
11964,MEDFORD,9584,,
11965,MEDFORD,9584,,
11967,MEDFORD,9584,,
11968,MEDFORD,9584,,
11970,MEDFORD,9584,,
11971,MEDFORD,9584,,
11972,MEDFORD,9584,,
11975,MEDFORD,9584,,
11976,MEDFORD,9584,,
11977,MEDFORD,9584,,
11978,MEDFORD,9584,,
11001,MEDFORD,9584,FALSE,
11002,MEDFORD,9584,FALSE,
11003,MEDFORD,9584,FALSE,
11010,MEDFORD,9584,FALSE,
11020,MEDFORD,9584,FALSE,
11021,MEDFORD,9584,FALSE,
11022,MEDFORD,9584,FALSE,
11023,MEDFORD,9584,FALSE,
11024,MEDFORD,9584,FALSE,
11026,MEDFORD,9584,FALSE,
11027,MEDFORD,9584,FALSE,
11030,MEDFORD,9584,FALSE,
11040,MEDFORD,9584,FALSE,
11042,MEDFORD,9584,FALSE,
11050,MEDFORD,9584,FALSE,
11051,MEDFORD,9584,FALSE,
11052,MEDFORD,9584,FALSE,
11053,MEDFORD,9584,FALSE,
11054,MEDFORD,9584,FALSE,
11055,MEDFORD,9584,FALSE,
11096,MEDFORD,9584,FALSE,
11501,MEDFORD,9584,FALSE,
11507,MEDFORD,9584,FALSE,
11509,MEDFORD,9584,FALSE,
11510,MEDFORD,9584,FALSE,
11514,MEDFORD,9584,FALSE,
11516,MEDFORD,9584,FALSE,
11518,MEDFORD,9584,FALSE,
11520,MEDFORD,9584,FALSE,
11530,MEDFORD,9584,FALSE,
11531,MEDFORD,9584,FALSE,
11535,MEDFORD,9584,FALSE,
11542,MEDFORD,9584,FALSE,
11545,MEDFORD,9584,FALSE,
11547,MEDFORD,9584,FALSE,
11548,MEDFORD,9584,FALSE,
11549,MEDFORD,9584,FALSE,
11550,MEDFORD,9584,FALSE,
11551,MEDFORD,9584,FALSE,
11552,MEDFORD,9584,FALSE,
11553,MEDFORD,9584,FALSE,
11554,MEDFORD,9584,FALSE,
11555,MEDFORD,9584,FALSE,
11556,MEDFORD,9584,FALSE,
11557,MEDFORD,9584,FALSE,
11558,MEDFORD,9584,FALSE,
11559,MEDFORD,9584,FALSE,
11560,MEDFORD,9584,FALSE,
11561,MEDFORD,9584,FALSE,
11563,MEDFORD,9584,FALSE,
11565,MEDFORD,9584,FALSE,
11566,MEDFORD,9584,FALSE,
11568,MEDFORD,9584,FALSE,
11569,MEDFORD,9584,FALSE,
11570,MEDFORD,9584,FALSE,
11571,MEDFORD,9584,FALSE,
11572,MEDFORD,9584,FALSE,
11576,MEDFORD,9584,FALSE,
11577,MEDFORD,9584,FALSE,
11579,MEDFORD,9584,FALSE,
11580,MEDFORD,9584,FALSE,
11581,MEDFORD,9584,FALSE,
11582,MEDFORD,9584,FALSE,
11590,MEDFORD,9584,FALSE,
11594,MEDFORD,9584,FALSE,
11596,MEDFORD,9584,FALSE,
11597,MEDFORD,9584,FALSE,
11598,MEDFORD,9584,FALSE,
11599,MEDFORD,9584,FALSE,
11709,MEDFORD,9584,FALSE,
11710,MEDFORD,9584,FALSE,
11714,MEDFORD,9584,FALSE,
11732,MEDFORD,9584,FALSE,
11735,MEDFORD,9584,FALSE,
11736,MEDFORD,9584,FALSE,
11737,MEDFORD,9584,FALSE,
11753,MEDFORD,9584,FALSE,
11756,MEDFORD,9584,FALSE,
11758,MEDFORD,9584,FALSE,
11762,MEDFORD,9584,FALSE,
11765,MEDFORD,9584,FALSE,
11771,MEDFORD,9584,FALSE,
11773,MEDFORD,9584,FALSE,
11774,MEDFORD,9584,FALSE,
11783,MEDFORD,9584,FALSE,
11791,MEDFORD,9584,FALSE,
11793,MEDFORD,9584,FALSE,
11797,MEDFORD,9584,FALSE,
11801,MEDFORD,9584,FALSE,
11802,MEDFORD,9584,FALSE,
11803,MEDFORD,9584,FALSE,
11804,MEDFORD,9584,FALSE,
11815,MEDFORD,9584,FALSE,
11819,MEDFORD,9584,FALSE,
11853,MEDFORD,9584,FALSE,
11854,MEDFORD,9584,FALSE,
11855,MEDFORD,9584,FALSE,
