category_type,name,contact,phone,cellphone,fax,address,wc,liability,pollution,auto,w9,independent_contractor_agreement,email
ALARM INSTALLATION/SECURITY SYSTEM,"FALCON ENGINEERED SECURITY SOLUTIONS, INC",JESSICA,917-631-9500,,917-631-9502,"695 EAST 132ND STREET BRONX, NY 10454",12/2/16,12/2/16,N/A,NONE ON FILE,YES,YES,JCASTRO1FES@GMAIL.COM
ARCHITECHS & ENGINEERS,FUTURE TECH CONSULTANTS OF NY INC.,JOE,516-918-2980,,516-456-4911,"52 EAST 2ND STREET MINEOLA, NY 11501",5/7/2017,12/18/16,12/18/16,NONE ON FILE,YES,YES,JCASTRO1FES@GMAIL.COM
ASBESTOS ABATEMENT,CHESAPEAKE CONTRACTING CORP.,JOHN,631-929-3060,516-398-8260,631-929-0540,"PO BOX 758 SHOREHAM, NY 11786",5/24/2017,5/3/17,5/3/17,NONE ON FILE,YES,YES,CHCOCO@OPTONLINE.NET
ASBESTOS REMOVAL,UNITECH SERVICES GROUP,TONY,631-242-7215,631-872-0074,631-242-7206,"241-4 N. FEHR WAY BAY SHORE, NY 11706",7/1/17,12/29/16,12/29/16,NONE ON FILE,YES,YES,HAZWOPPER@AOL.COM
BIO HAZARD CLEAN-UP & REMOVAL,ISLAND TRAUMA SERVICES INC.,DOUG,855-872-8624,631-704-0085,,"1600 N. OCEAN AVENUE UNIT 16 HOLTSVILLE, NY 11742",1/19/17,11/16/17,11/16/17,NONE ON FILE,YES,YES,DOUG@ISLANDTRAUMA.COM
BIO HAZARD CLEAN-UP & REMOVAL,NJ MEDICAL WASTE,SURI,877-556-5865,,732-377-8699,"11 HARTS LANE SUITE E EAST BRUNSWICK, NJ 08816",AFFADAVIT ON FILE,4/21/17,N/A,NONE ON FILE,YES,YES,FRONTOFFICE@NJMEDICALWASTE.COM
BOARD UP,CIPCO BOARDING CO.,JIM,516-536-1135,,516-887-0779,"PO BOX 824 LYNBROOK, NY 11563",6/21/17,1/18/17,N/A,NONE ON FILE,YES,YES,INFO@CIPCOBOARDING.COM
BOARD UP,"G-SIX ENTERPRISES, LLC",GILLY,201-421-0117,201-421-0118,973-302-4773,"83 SPRUCE STREET BLOOMFIELD, NJ 07003",5/19/17,5/18/17,N/A,NONE ON FILE,YES,YES,GILLYBUP@AOL.COM
BOARD UP,ULTIMATE BOARD UP,KEITH,631-438-6060,SAME AS MAIN #,631-395-4637,"398 WEST END AVE. SHIRLEY, NY 11967",12/29/16,4/23/17,N/A,NONE ON FILE,YES,YES,ULTIMATEBOARDUP@YAHOO.COM
BOARD UP,USA EMERGENCY BOARD UP INC,TONY,631-231-3338,631-327-4300,631-231-0009,"18 WILSON ST, BRENTWOOD, NY 11717",10/5/17,10/3/17,N/A,8/20/17,YES,YES,EMERGENCY@USABOARDUP.COM
CARTING,"A.J BLOSENSKI, INC",ANTHONY,610-942-2707,610-942-2517,610-942-2495,"PO BOX 392 ELVERSON, PA 19520",5/31/17,7/1/17,N/A,NONE ON FILE,YES,YES,
CARTING,B BROS C & C CORP.,JULIO,516-860-5859,516-445-1173,,"78 FOREST AVENUE FREEPORT, NY 11520",3/10/17,3/6/17,N/A,NONE ON FILE,YES,YES,JBONILLA2883@YAHOO.COM
CARTING,BORO-WIDE RECYCLING CORP,,718-326-7149,SAME AS MAIN #,718-416-1913,"3 RAILROAD PLACE, MASPETH, NY 11378",7/1/17,8/15/17,N/A,NONE ON FILE,YES,YES,INFO@BOROWIDERECYCLING.COM
CARTING,DELISA DEMOLITION,,732-988-2525,,732-988-8333,"101 COMMERCE DRIVE TINTON FALLS, NJ 07753",5/27/17,2/23/17,N/A,NONE ON FILE,YES,YES,
CARTING,FRANCO BROS. CARTING CORP.,PAT,631-673-2252,516-860-4978,,"114 RAILROAD STREET HUNTINGTON STATION, NY 11746",9/3/17,10/3/17,N/A,NONE ON FILE,YES,YES,FBCARTING@GMAIL.COM
CARTING,LIBERTY ASHES INC.,STEPHEN,718-739-7224 X214,917-731-8626,516-354-6762,"112 PHYLIS COURT ELMONT, NY 11003",6/30/17,5/7/17,N/A,NONE ON FILE,YES,YES,MICH0914@HOTMAIL.COM
CARTING,MARPAL DISPOSAL / REPUBLIC SERVICES INC,JULIE,732-542-2348 / 800-660-0696,N/A,732-542-2958,"PO BOX 188 LINCROFT, NEW JERSEY 07738",6/30/17,6/30/17,N/A,NONE ON FILE,YES,YES,CAFIEROC@REPSRV.COM
CARTING,REPUBLIC SERVICES d/b/a MIDCO WASTE,(Corp. office in A.Z. Local locations service P.A. & N.J.),732-545-8988,,,"1198 PROSPECT AVENUE WESTBURY, NY 11590",6/30/17,6/30/17,N/A,NONE ON FILE,YES,N/A,NGUSMAN@REPUBLICSERVICES.COM
CARTING,THOMPSON SANITATION,,845-796-1032,,845-796-1033,"47 KATRINA FALLS ROAD ROCK HILL, NY 12775",12/20/16,7/18/17,N/A,NONE ON FILE,YES,YES,TSCHAULERS@AOL.COM
CARTING,"WINTERS BROS. HAULING OF LONG ISLAND, LLC",,516-937-0900,,516-334-3264,"1198 PROSPECT AVENUE WESTBURY, NY 11590",1/1/17,1/1/17,N/A,NONE ON FILE,YES,YES,GKROHN@WINTERSBROS.COM
CARPET/FLOORING,BAY CARPET,JOAN,718-366-5001,,718-628-4813,"65-04 MYRTLE AVENUE GLENDALE, NY 11385",10/21/17,4/1/17,N/A,4/1/17,YES,YES,BAYCARPET@YAHOO.COM
CARPET/FLOORING,DR. STEAMER,JILL,631-289-1515 OR 631-289-1729,631-472-0757,,"PO BOX 802 BAYPORT, NY 11705",7/16/17,6/3/17,N/A,NONE ON FILE,YES,YES,DRSTEAMER123@AOL.COM
CARPET/FLOORING,FINAL TOUCH FLOORING CORP.,STEPHEN,631-676-5566,SAME AS MAIN #,631-676-5577,"55 REMINGTON BLVD. RONKONKOMA, NY 11779",7/11/17,9/22/17,N/A,NONE ON FILE,YES,YES,FINALTOUCHFLOORINGSB@YAHOO.COM
CARPET/FLOORING,FLORAL PARK DESIGNS,BURT / JUDY,516-352-1323,516-315-5535,516-352-0892,"263 JERICHO TPKE. FLORAL PARK, NY 11001",12/18/16,12/18/16,N/A,NONE ON FILE,YES,YES,
CARPET/FLOORING,NICK D CARPET INSTALLATION INC.,NICK,631-374-0423,SAME AS MAIN #,631-419-6087,"34 EATONDALE AVENUE BLUE POINT, NY 11716",3/20/17,12/11/16,N/A,NONE ON FILE,YES,YES,JOJO1050@OPTONLINE.NET
CONSTRUCTION,A & C HOME REMODELING,ANTHONY,732-787-5195,718-986-8821,732-787-5195,"11 COLEMAN STREET HAZLET, NJ 07734",10/21/17,10/23/16,N/A,NONE ON FILE,YES,YES,AANDC81@GMAIL.COM
CONSTRUCTION,"ACCURATE MECHANICAL WORKS, INC.",,631-884-0968,516-242-2183,,"667 GRAND AVENUE LINDENHURST, NY 11757",7/17/17,8/30/17,N/A,10/17/16,YES,YES,ACCMECHWKS@AOL.COM
CONSTRUCTION,ALBANO CONTRACTING,ROB,516-369-0732,,,"343 CHAMBERS AVENUE EAST MEADOW, NY 11554",3/2/17,11/1/16,N/A,NONE ON FILE,YES,YES,ALBANOCONTRACTING21@GMAIL.COM
CONSTRUCTION,BATH SOLUTIONS DBA BATH FITTERS,JAMES KONODCHUK,860-282-2230,,860-282-2231,"262 ELLINGTON ROAD SOUTH WINDSOR, CT 06074",2/15/17,2/15/17,N/A,NONE ON FILE,YES,YES,
CONSTRUCTION,CHRISTOPHER BAILEY COMPANY,CHRIS BAILEY,917-287-1538,,,"115-85 SPRINGFIELD BLVD, CAMBRIA HEIGHTS, NY 11411",9/1/17,10/16/16,N/A,NONE ON FILE,YES,YES,NOEL_CHRISBAILEY@YAHOO.COM
CONSTRUCTION,COMPLETE OFFICE INTERIORS,ROY,631-901-1028 OR 877-215-8280,917-299-3777,631-901-1030,"16 EBBTIDE LANE DIX HILLS, NY 11746",8/16/16,4/21/17,N/A,NONE ON FILE,YES,YES,OFFICEINTERIORS@OPTONLINE.NET
CONSTRUCTION,DJJ TECHNOLOGIES,,631-787-5062,,631-787-5063,"3116 EXPRESSWAY DR. S. ISLANDIA, NY 11749",6/13/17,11/30/16,N/A,NONE ON FILE,YES,YES,DDOLAN@DJJTECHNOLOGIES.COM
CONSTRUCTION,FAIR AND SQUARE CONTRACTING INC.,ROB,516-586-4249,516-790-1492,516-345-1649,"126 WILLIAM STREET FARMINGDALE, NY 11735",5/3/17,9/21/16,N/A,NONE ON FILE,YES,YES,FAIRANDSQUAREINC@GMAIL.COM
CONSTRUCTION,DVJ SERVICE CONSTRUCTION LLC,ELSON DASILVA,201-479-2574,917-547-4755 or ELSON 201-600-9258,,"75 PARKHURST STREET NEWARK, NJ 07114",1/15/17,1/15/17,N/A,1/15/17,YES,YES,DVJ.SERVICECONSTRUCTION@GMAIL.COM
CONSTRUCTION,G & D RESTORATION CORP.,GEORGE,516-868-0305,516-523-4825,,"120 NORTH OCEAN AVENUE FREEPORT, NY 11520",3/31/17,11/18/17,N/A,NONE ON FILE,YES,YES,JEAN4GEORGE@YAHOO.COM
CONSTRUCTION,GOOD TO GO MAINTENANCE INC.,PAUL ,631-403-7855,,,"554 A UNIT D WEST BROADWAY PORT JEFFERSON, NY 11777",6/17/17,6/17/17,N/A,NONE ON FILE,YES,YES,GOODTOGOINC@GMAIL.COM
CONSTRUCTION,HANNA'S MECHANICAL CONTRACTORS,MIKE OR BARBARA,732-249-4911,908-930-0593,732-249-6911,"44 NORTH MAIN STREET MILLTOWN, NJ 08850",4/23/17,3/5/17,N/A,NONE ON FILE,YES,YES,MIKE@HANNASSERVICES.COM
CONSTRUCTION,ISLAND FLOORS & CONSTRUCTION,SAL,631-839-7397,,,"73 DEER LANE MANORVILLE, NY 11949",8/5/17,5/8/17,N/A,NONE ON FILE,YES,YES,ISLANDFLOORS@HOTMAIL.COM
CONSTRUCTION,JNB INTERIORS,,631-244-0098,,631-244-0005,"100 B KNICKERBOCKER AVENUE BOHEMIA, NY 11716",4/13/17,9/5/17,N/A,NONE ON FILE,YES,YES,JNBINTERIORS@AOL.COM
CONSTRUCTION,"LL BUILDER LI, INC",LEWIS LEE,631-764-2407,,,"429 SCHECGER AVE E PATCHOGUE, NY 11772",AFFIDAVIT,11/5/16,N/A,NONE ON FILE,YES,,
CONSTRUCTION,MARCOR CONSTRUCTION INC.,GARY,631-321-0593,,631-482-9561,"419 A GREAT EASK NECK ROAD WEST BABYLON, NY 11704",1/1/17,4/15/17,N/A,NONE ON FILE,YES,YES,
CONSTRUCTION,MILANO TILE,ROSARIO,631-940-1762,516-790-4973,,"124 EASTWOOD AVENUE DEER PARK, NY 11729",6/5/17,8/7/17,,NONE ON FILE,YES,YES,ROS6TAL@GMAIL.COM
CONSTRUCTION,MIWA LOCK COMPANY LTD.,ERICA SIEGAL,,,,"9272 JERONIMO RD-SUITE 119 IRVINE, CA 92618",3/28/17,3/28/17,N/A,NONE ON FILE,YES,,
CONSTRUCTION,NATIONAL INSULATION & GC CORP.,NICK,516-624-9711,,516-624-9715,"180 MILLER PLACE HICKSVILLE, NY 11801",6/29/17,5/27/17,N/A,NONE ON FILE,YES,YES,NGRGAS@NATIONALINSULATIONGCCORP.COM
CONSTRUCTION,"NEW HORIZON HOMES, INC",PAUL ,631-615-2625,631-745-7128,,"14 TUCKAHOE ROAD SOUND BEACH, NY 11789",1/28/17,5/16/17,N/A,NONE ON FILE,YES,YES,NEWHORIZONHOMESINC@GMAIL.COM
CONSTRUCTION,NEW ISLAND REMODELING,MANNY,631-831-7922,631-774-7769,,"1007 SADDLE ROCK ROAD HOLBROOK, NY 11741",12/4/16,12/12/16,N/A,NONE ON FILE,YES,YES,NEWISLANDREMODELING@YAHOO.COM
CONSTRUCTION,NEW IMAGE HOME REMODELING,RAY,631-774-7769,,631-228-4171,"24 SHELL ROAD ROCKY POINT, NY 11778",3/20/17,2/24/17,N/A,NONE ON FILE,YES,YES,NITD123@HOTMAIL.COM
CONSTRUCTION,NRL FIRE PROTECTION SERVICES,ANGELO,845-278-4333,203-395-3300,203-261-1131,"472 PEPPER STREET MONROE, CT 06468",5/17/17,5/17/17,N/A,NONE ON FILE,YES,YES,ALISI@NRLFIREPRO.COM
CONSTRUCTION,PFA CONTRACTING INC.,JOE,,,,"17 DEWITT PLACE NEW ROCHELLE, NY 10801",3/10/17,3/10/17,N/A,NONE ON FILE,YES,YES,FAROSSIGNUOLO@GMAIL.COM
CONSTRUCTION,ROCKET INSULATIONS & COATINGS INC.,EUGENE,631-750-9075,SAME AS MAIN #,631-750-9076,"65 B AIR PARK DRIVE RONKONKOMA, NY 11779",6/24/17,8/17/17,N/A,NONE ON FILE,YES,YES,EUGENE@ROCKETINSULATIONNY.COM
CONSTRUCTION,RTD CONTRACTING LTD.,TOMMY,631-567-3809,,631-567-3896,"195 KNICKERBOCKER AVE. SUITE 3 BOHEMIA, NY 11716",5/1/17,4/8/17,N/A,NONE ON FILE,YES,YES,RTDAC@OPTONLINE.NET
CONSTRUCTION,"STILLWELL STAIRS & RAILINGS, INC.",JIM,914-232-3114,,,"PO BOX 413 GOLDENS BRIDGE, NY 10526",1/1/17,4/27/17,N/A,NONE ON FILE,YES,NONE ON FILE,SSHARP@STILLWELLSTARIS.COM
CONSTRUCTION,WAVE CREST BUILDERS LLC,VINNY,631-506-3964,,,"PO BOX 688 SAINT JAMES, NY 11780",AFFIDAVIT,9/17/16,N/A,NONE ON FILE,YES,YES,WAVECRESTBUILDERS@GMAIL.COM
CONSTRUCTION SURVEYOR,HARRIS LAYOUT INC.,LEE,631-766-6320,,631-821-3425,"18 6TH STREET SOUND BEACH, NY 11789",4/19/17,4/20/17,N/A,NONE ON FILE,YES,N/A,LEED12@HOTMAIL.COM
CONSTRUCTION SURVEYOR,JEFFREY T. BUTLER,,,,,"206 LINCOLN STREET RIVERHEAD, NY 11901",10/27/17,10/27/17,N/A,NONE ON FILE,YES,NONE ON FILE,MBUTLER75@MAC.COM
DRY CLEANING,CRDN OF NJ,ANTHONY,877-879-2736,,732-356-2642,"400 WEST UNION AVENUE BOUND BROOK, NJ 08805",6/1/17,4/4/17,N/A,4/4/17,YES,YES,ANTHONYDELGAIZO@HOTMAIL.COM
DRY CLEANING,QUALITY CARE CLEANERS,ANGEL OR JUAN,ANGEL 347-977-0198,JUAN 201-749-3914,973-850-6379,"25 AMITY STREET LITTLE FALLS, NJ 07424",10/22/16,10/22/16,N/A,NONE ON FILE,YES,NONE ON FILE,JUAN.GAONA@QUALITYCARERESTORATION.COM
DRYING & DEHUMIDIFICATION,DRYING TECHNOLOGIES,THOMAS / CATHY,631-231-5427,516-551-7575,631-231-5428,"216 N. FEHR WAY SUITE B BAY SHORE, NY 11706",10/20/16,3/11/17,N/A,NONE ON FILE,YES,YES,DTIDRY@AOL.COM
DUCT CLEANING,CUNNINGHAM DUCT CLEANING,GINA,631-665-6400,516-991-8397-Marlin,631-665-5378,"869 SYLVAN AVENUE BAYPORT, NY 11705",10/16/16,11/5/16,N/A,NONE ON FILE,YES,YES,CVALDES@CUNNINGHAMDUCT.COM
ELECTRIC,ALL WAYS ELECTRIC,RICH,631-666-0477,631-236-2201,631-666-0479,"262 ORINOCO DRIVE BRIGHTWATERS, NY 11718",11/1/17,2/8/17,N/A,7/17/17,YES,YES,ALLWAYSELECTRIC@AOL.COM
ELECTRIC,AMPAK ELECTRICAL SERVICES,NICK,718-984-6224,917-754-1261,718-987-2357,"8 JOHNSON STREET STATEN ISLAND, NY 10309",3/18/17,9/17/17,N/A,NONE ON FILE,YES,YES,SISOLARPOWER@AOL.COM
ELECTRIC,DARLING ELECTRIC CORP.,DAVID,631-433-7164,,,"7 OLD POST ROAD PORT JEFFERSON, NY 11777",3/22/17,7/17/17,N/A,NONE ON FILE,YES,YES,DARLINGELECTRIC@GMAIL.COM
ELECTRIC,DURO ELECTRICAL CONTRACTORS,,914-741-6722,,914-769-1091,"27 SAINT CHARLES STREET SUITE 2 THORNWOOD, NY 10594",4/20/17,4/20/17,N/A,NONE ON FILE,YES,YES,SUSAN@DURO-ELECTRIC.COM
ELECTRIC ,LINEAR ELECTRICAL CONTRACTING,TONY,631-882-3555,SAME AS MAIN #,631-772-7429,"181 MONROE STREET MASTIC, NY 11950",5/6/17,4/11/17,N/A,NONE ON FILE,YES,YES,TONYPUBINS@GMAIL.COM
ELECTRIC,NORTHSTAR ELECTRICAL CONTRACTING,ROBERT,631-218-6831,SAME AS MAIN #,631-218-6830,"36-6A CARLOUGH ROAD BOHEMIA, NY 11716",5/14/17,3/8/17,N/A,NONE ON FILE,YES,YES,INFO@NORTHSTARELECTRICLI.COM
ELECTRIC,STRAWBRIDGE ELECTRIC,BILL,732-572-1600,732-522-5339,732-572-1601,"62 RIVERVIEW AVE. EDISON, NJ 08817",8/29/17,8/29/17,N/A,8/29/17,YES,YES,STRAWBRIDGEELECTRIC@COMCAST.NET
ELECTRIC,TFC ELECTRIC,THOMAS,631-589-2800,631-872-3590,631-567-2600,"342 ASTOR DR. SAYVILLE, NY 11782",10/13/17,11/8/17,N/A,3/2/17,YES,YES,TFCELECTRIC@GMAIL.COM
ENVIRONMENTAL CLEAN UP,"SILVER WOLF ENVIRONMENTAL, INC",HARRY,631-806-8018,,631-821-4209,"74 COBBLESTONE DRIVE SHOREHAM, NY 11786",2/6/17,1/14/17,N/A,NONE ON FILE,YES,YES,SILVERWOLFINC@AOL.COM
ENVIRONMENTAL CLEAN UP,"SK ENVIRONMENTAL ASSOCIATES, LLC",STEVE,908-722-1467,,,"3358 LUKES POND ROAD BRANCHBURG, NJ 08876",6/29/17,4/1/17,4/1/17,NONE ON FILE,YES,N/A,SKENV@VERIZON.NET
FIRE & SMOKE,"J.D. CARTON & SON, INC.",BRIAN,973-781-1600 X108,732-800-1157,973-386-1694,"90 EAST HALSEY ROAD  SUITE 103 PARSIPPANY, NJ 07054",6/22/17,6/4/17,NONE ON FILE,NONE ON FILE,YES,YES,BRIANCARTON@JDCARTON.COM
FIRE/SMOKE/WATER/MOLD,ALWAYS RESTORATION,DYLAN,631-803-0037,631-445-5928,SAME AS MAIN #,"PO BOX 236 BROOKHAVEN, NY 11719",1/10/17,10/25/17,10/25/17,12/3/16,YES,YES,ALWAYSRESTORATION@GMAIL.COM
FIRE/SMOKE/WATER/MOLD,"CATEGORY 3, LLC ",DOMINICK MANIERI,631-512-5238,,,"51 JOAN AVENUE CENTEREACH, NY 11720",1/16/17,1/12/17,1/12/17,8/2/17,YES,YES,DOMINICK@CATEGORY3LLC.COM
FIRE/SMOKE/WATER/MOLD,DVJ EZ SOLUTIONS LLC,ELSON DASILVA,201-479-2574,201-600-9258,,"75 PARKHURST STREET NEWARK, NJ 07114",1/15/17,1/22/17,1/22/17,1/15/17,YES,YES,INFO@DVJSC.COM
FIRE/SMOKE/WATER/MOLD,EXCELLENT JOB CLEANING CORP.,ALEX,718-507-8634,917-731-7973,SAME AS MAIN #,"31-22 103RD STREET EAST ELMHURST, NY 11369",7/1/17,8/15/17,8/15/17,NONE ON FILE,YES,YES,NARVAEZCLEANINGCORP@YAHOO.COM
FIRE/SMOKE/WATER/MOLD,EXQUISITE RESTORATION CORP.,JAMES STEFFENS,917-731-1603,,718-264-0005,"77-42 MAIN STREET SUITE 2A FLUSHING, NY 11367",10/1/17,9/6/17,9/6/17,NONE ON FILE,YES,YES,PROFESSIONALCLEANING38@HOTMAIL.COM
FIRE/SMOKE/WATER/MOLD,G & C CLEANING SERVICES INC. (FORMERLY GLORIA'S),WILSON/GLORIA,917-577-3120,SAME AS MAIN #,347-642-3275,"37-63 83RD STREET, #214, JACKSON HEIGHTS, NY 11372",2/28/17,3/13/17,3/13/17,9/19/17,YES,YES,GANDCCLEANINGSERVICESINC@YAHOO.COM
FIRE/SMOKE/WATER/MOLD,GCS ENTERPRISE CORP.,MIGUEL,347-832-1119,,,"92-14 50TH AVENUE ELMHURST, NY 11373",8/27/16,8/6/16,9/21/16,NONE ON FILE,YES,YES,GCSNY@YAHOO.COM
FIRE/SMOKE/WATER/MOLD,G & L's SERVICE CORP.,MIKE,     718-807-1188,,,"1713 COLDEN AVENUE BRONX, NY 10462",9/1/17,9/3/17,9/3/17,NONE ON FILE,YES,YES,MIKEGONZALEZ0704@GMAIL.COM
FIRE/SMOKE/WATER/MOLD,HDR RESTORATION CORP.,DAMIAN,631-624-0287,,516-414-2318,"231 BROOKLYN AVENUE WESTBURY, NY 11590",6/17/17,6/27/17,6/27/17,NONE ON FILE,YES,YES,HDR-RESTORATION@HOTMAIL.COM
FIRE/SMOKE/WATER/MOLD,MS CLEANING SERVICE,MARLENE,347-484-7909,,347-848-0141,"35-23 89TH STREET 1ST FLOOR JACKSON HEIGHTS, NY 11372",8/4/17,6/28/17,10/14/17,NONE ON FILE,YES,YES,MS.CLEANINGSERVICEMM@GMAIL.COM
FIRE/SMOKE/WATER/MOLD,RESTORE 24 SERVICES,JAY,,631-790-5417,631-648-4858,"500 PECONIC STREET 223A RONKONKOMA, NY 11779",6/20/17,5/2/17,10/26/17,NONE ON FILE,YES,YES,JAYO.SERVPRO@GMAIL.COM
FIRE/SMOKE/WATER/MOLD,SAPPHIRE RESTORATION,WILLIAM / PATRICIA,WILLIAM- 917-939-0661 / PATRICIA- 917-337-1099,ALT. CONTACT: RENE 917-217-2431,718-461-2963,"35-07 147TH STREET APT. 2F FLUSHING, NY 11354",1/9/17,1/27/17,1/27/17,NONE ON FILE,YES,YES,PATRICIA197007@YAHOO.COM
FIRE/SMOKE/WATER/MOLD,SMYLER & SMYLER,WILSON,917-444-2165,SAME AS MAIN #,,"34-21 78TH STREET SUITE 4D JACKSON HEIGHTS, NY 11732",6/20/17,6/16/17,6/23/17,NONE ON FILE,YES,YES,WILSONSMYLER@GMAIL.COM
FIRE/SMOKE/WATER/MOLD,SPARKLEAN CLEANING & SUPPLIES CORP.,LORENA,718-886-0263,,718-886-0265,"45-79 161ST STREET FLUSHING, NY 11358",3/24/17,10/7/16,10/7/16,NONE ON FILE,YES,YES,SPARKLEANCORP@GMAIL.COM
FIRE/SMOKE/WATER/MOLD,SPARKLEAN CLEANING & SUPPLIES CORP.,TONY,631-242-7215,631-872-0074,631-242-7206,"241-4 N. FEHR WAY BAY SHORE, NY 11706",7/1/17,12/29/16,12/29/16,NONE ON FILE,YES,YES,HAZWOPPER@AOL.COM
FURNITURE REPAIR,FURNITURE MEDIC OF SOUTH PLAINFIELD,DAVID,908-755-8440,N/A,908-756-2863,"614 DELMORE AVE. S. SOUTH PLAINFIELD, NJ 07080",6/24/17,9/30/17,N/A,NONE ON FILE,YES,NONE ON FILE,FMEDICNJ@GMAIL.COM
FURNITURE REPAIR,FURNITURE MEDIC OF WESTBURY,,516-333-9090,N/A,516-333-0805,"99 FLORIDA STREET FARMINGDALE, NY 11735",1/14/17,12/10/16,N/A,NONE ON FILE,YES,YES,MGLEASON@FURNITUREMEDICNY.COM
HVAC,DANISI ENERGY CO.,CHRIS,631-732-6666,631-681-5598,,"3205 ROUTE 112 MEDFORD, NY 11763",11/1/17,3/24/17,N/A,5/1/17,YES,YES,CHRIS@DANISIENERGY.COM
                HVAC,AARCO ENVIRONMENTAL SERVICES,RICK,631-586-5900,RICK 516-351-1878,631-586-5910,"50 GEAR AVE. LINDENHURST, NY 11757",10/13/17,10/13/17,10/13/17,8/14/17,YES,YES,NTREZZA@AARCOENVIRONMENTAL.COM
          ICE PELLETS,APPLE ICE,ROSE,631-254-0071,,631-254-0192,"171 EAST INDUSTRY COURT DEER PARK, NY 11729",11/29/16,3/17/17,N/A,NONE ON FILE,YES,N/A,RGLASSMAN@APPLEICE.COM
INDUSTRIAL HYGENIST,BLUE SKY INSPECTIONS,MICHELLE,631-902-1636,,631-517-9202,"28 EASTWOOD BLVD. CENTEREACH, NY 11720",9/15/17,9/15/17,N/A,NONE ON FILE,YES,YES,ADMIN@BLUESKYNOW.COM
INDUSTRIAL HYGENIST,H2M ,DEBBIE MATTINA,631-756-8000,"WHEN CONTACTING DAVE, USE FAX ONLY",631-694-4122,"538 BROAD HOLLOW ROAD MELVILLE, NY 11747",1/1/17,1/1/17,N/A,NONE ON FILE,YES,YES,DMATTINA@H2M.COM
INDUSTRIAL HYGENIST,INSIGHT ENVIRONMENTAL,,631-654-2780,,631-654-2781,"74 EAST MAIN STREET SUITE 1 PATCHOGUE, NY 11772",11/16/17,12/31/16,N/A,NONE ON FILE,YES,YES,ANDREA@INSIGHTENVIRONMENTAL.COM
INTERCOM/VIDEO,S-N-S HOME ENTERTAINMENT,TUYET,516-679-9700,,516-679-9701,"4032 SUNRISE HIGHWAY SEAFORD, NY 11783",1/1/17,9/15/16,N/A,NONE ON FILE,YES,YES,TUYET@HOMETHEATER.BIZ
MASONRY,SCOTTY'S MASONRY LLC,,,,,"3 QUAIL HOLLOW COURT ST. JAMES, NY 11780",11/7/16,3/3/17,N/A,NONE ON FILE,YES,YES,
OIL DELIVERY,CPC ENERGY/ALLIANCE OIL,LAUREN,973-923-3360,,973-923-0359,"469 LYONS AVE. NEWARK, NJ 07112",1/1/17,1/1/17,N/A,NONE ON FILE,YES,YES,CPCENERGYINC@GMAIL.COM
OIL DELIVERY,K.W. RASTALL OIL,DAVID OR LINDA,732-297-5600,,732-297-4508,"2600 ROUTE 130 NORTH BRUNSWICK, NJ 08902",3/25/17,6/1/17,N/A,NONE ON FILE,YES,YES,JENNIFER@RASTALLOIL.COMâ€¦OR MICHELLE@RASTALLOIL.COM
PAINTING,BAUMGARTNER PAINTING,ROBERT,631-872-4026,,,"36 EASTWOOD AVENUE DEER PARK, NY 11729",7/27/17,7/27/17,N/A,NONE ON FILE,YES,YES,RMG0712@YAHOO.COM
PLUMBING & ELECTRIC,KILMEADE CONTRACTING d/b/a SDK ,STEVEN,516-286-8290,,,"65 SUYDAM LANE BAYPORT, NY 11705",9/5/17,4/8/17,N/A,NONE ON FILE,YES,YES,SDKELECTRIC@GMAIL.COM
PLUMBING & HEATING,A1 ALLIANCE PLUMBING & HEATING,LAUREN,908-868-8296,844-217-2115,973-923-0359,"12 BRIAR HILLS CIRCLE SPRINGFIELD, NJ 07081",1/7/17,1/7/17,N/A,NONE ON FILE,YES,YES,A.ALLIANCEPLUMBING@GMAIL.COM
PLUMBING & HEATING,BRANCH PLUMBING & HEATING INC.,ED,631-584-7339,,631-366-4626,"11 DEEPWELLS LANE ST. JAMES, NY 11780",2/5/17,10/4/17,N/A,4/4/17,YES,YES,
PLUMBING & HEATING,CHARGE-IT PLUMBING & HEATING,LOU,631-589-1726,631-786-7975-Lou/567-2222-Dave,631-244-6863,"22 KAREN DRIVE SAYVILLE, NY 11782",AFFADAVIT ON FILE,11/17/17,N/A,7/15/17,YES,YES,GREEKPLUM@ME.COM
PLUMBING & HEATING,VARSITY PLUMBING & HEATING,,718-358-5400,,718-358-5103,"31-99 123RD STREET FLUSHING, NY 11354",5/1/17,5/1/17,N/A,NONE ON FILE,YES,YES,LCORREA@VARSITYPLUMBING.COM
PORTABLE TOILETS,CALL-A-HEAD,,800-634-2085,,800-634-8127,"304 CROSS BAY BLVD. BROAD CHANNEL, NY 11693",5/1/17,9/10/17,N/A,NONE ON FILE,YES,YES,INFO@CALLAHEAD.COM
PORTABLE TOILETS,RUSSELL REID d/b/a MR. JOHN PORTABLE SANITATION,JIM,732-692-2434,,732-417-0367,"200 SMITH STREET KEASBY, NJ 08832",4/1/17,4/1/17,N/A,NONE ON FILE,YES,YES,JPRATT@RUSSELLREID.COM
POWER WASHING,ALL PERFECTION POWER WASHING,(SMILEY) MIKE,631-320-3939,ALT # 631-885-1116,,"31 HAGERMAN AVENUE MEDFORD, NY 11763",AFFIDAVIT,9/2/17,N/A,NONE ON FILE,YES,YES,ALLPERFECTIONPW@GMAIL.COM
ROOFING,A-1 ROOFING & SIDING OF LONG ISLAND CORP.,JOHN,631-928-1826,516-241-9612,631-928-3222,"51 NESCONSET HIGHWAY PORT JEFFERSON, NY 11776",5/26/17,4/22/17,N/A,NONE ON FILE,YES,YES,MARIA@A1ROOFINGANDSIDINGOFLI.COM
SELF STORAGE,PODS                                                              CUSTOMER ID # 18815478 PIN # 1009,CORPORATE DEVELOPMENT,888-776-7637,N/A,727-531-0525,"5585 RIO VISTA DRIVE CLEARWATER, FL 33760",10/1/17,10/1/17,N/A,NONE ON FILE,YES,NO/REFUSED TO SIGN,
SELF STORAGE,UNIT 2 GO,TOM,631-734-2166,,631-734-2178,"50 COMMERCE DRIVE CUTCHOGUE, NY 11935",8/21/17,2/6/17,N/A,NONE ON FILE,YES,YES,SALES@UNIT2GO.COM
STORAGE,"A-1 VIKING FIRST CLASS MOVING & STORAGE, INC",MATT SCHWARTZBERG,718-745-3400,646-591-1606,,"156 HINSDALE ST. BROOKLYN, NY 11207",10/1/17,2/1/17,N/A,NONE ON FILE,YES,YES,MATT@A1FIRSTCLASS.COM
STORAGE,"J.D. CARTON & SON, INC.",BRIAN,973-781-1600 X108,732-800-1157,973-386-1694,"90 EAST HALSEY ROAD  SUITE 103 PARSIPPANY, NJ 07054",6/22/17,6/4/17,N/A,NONE ON FILE,YES,YES,BRIANCARTON@JDCARTON.COM
STORAGE,PACK RAT,,800-PACK-RAT,,609-409-8140,"8 NICHOLAS COURT UNIT A DAYTON, NJ 08810",1/1/17,1/1/17,N/A,NONE ON FILE,YES,NO/REFUSED TO SIGN,
TREE/BRANCH REMOVAL,LONG ISLAND LUMBERJACK OF NEW YORK INC.,DAVID,631-244-9098,631-291-7010,,"45 LEXINGTON AVENUE PATCHOGUE, NY 11772",1/11/17,1/11/17,N/A,NONE ON FILE,YES,YES,D.CION@YAHOO.COM
